곡명,count,계절
봄날,15,봄
이제 나만 믿어요,15,봄
"모든 날, 모든 순간 (Every day, Every Moment)",15,봄
사랑인가 봐,12,봄
Dynamite,12,봄
너의 모든 순간,12,봄
취중고백,12,봄
다정히 내 이름을 부르면,12,봄
사랑은 늘 도망가,12,봄
"어떻게 이별까지 사랑하겠어, 널 사랑하는 거지",12,봄
봄날,15,여름
다정히 내 이름을 부르면,15,여름
"모든 날, 모든 순간 (Every day, Every Moment)",15,여름
이제 나만 믿어요,14,여름
취중고백,12,여름
우리들의 블루스,12,여름
너의 모든 순간,12,여름
사랑인가 봐,12,여름
다시 만날 수 있을까,12,여름
"어떻게 이별까지 사랑하겠어, 널 사랑하는 거지",12,여름
"어떻게 이별까지 사랑하겠어, 널 사랑하는 거지",15,가을
"모든 날, 모든 순간 (Every day, Every Moment)",15,가을
봄날,15,가을
Dynamite,15,가을
이제 나만 믿어요,15,가을
다정히 내 이름을 부르면,12,가을
사랑은 늘 도망가,11,가을
사랑인가 봐,9,가을
Attention,9,가을
우리들의 블루스,9,가을
"모든 날, 모든 순간 (Every day, Every Moment)",13,겨울
Dynamite,13,겨울
이제 나만 믿어요,13,겨울
봄날,13,겨울
Snowman,11,겨울
눈이 오잖아(Feat.헤이즈),10,겨울
다정히 내 이름을 부르면,10,겨울
사랑은 늘 도망가,10,겨울
취중고백,10,겨울
"어떻게 이별까지 사랑하겠어, 널 사랑하는 거지",10,겨울
